Date,Food Type,Quantity Used (kg),Used For (Cow ID or Group),,,,,
2025-03-15,Straw,18,Group A,,,,,
2025-03-15,Fattening Feed,108,Group A,,,,,
2025-03-16,Straw,18,Group A,,,,,
2025-03-16,Fattening Feed,108,Group A,,,,,
2025-03-17,Straw,18,Group A,,,,,
2025-03-17,Fattening Feed,108,Group A,,,,,
2025-03-18,Straw,18,Group A,,,,,
2025-03-18,Fattening Feed,108,Group A,,,,,
2025-03-19,Straw,18,Group A,,,,,
2025-03-19,Fattening Feed,108,Group A,,,,,
2025-03-20,Straw,18,Group A,,,,,
2025-03-20,Fattening Feed,108,Group A,,,,,
2025-03-21,Straw,18,Group A,,,,,
2025-03-21,Fattening Feed,108,Group A,,,,,
2025-03-22,Straw,18,Group A,,,,,
2025-03-22,Fattening Feed,108,Group A,,,,,
2025-03-23,Straw,18,Group A,,,,,
2025-03-23,Fattening Feed,108,Group A,,,,,
2025-03-24,Straw,18,Group A,,,,,
2025-03-24,Fattening Feed,108,Group A,,,,,
2025-03-25,Straw,18,Group A,,,,,
2025-03-25,Fattening Feed,108,Group A,,,,,
2025-03-26,Straw,18,Group A,,,,,
2025-03-26,Fattening Feed,108,Group A,,,,,
2025-03-27,Straw,18,Group A,,,,,
2025-03-27,Fattening Feed,108,Group A,,,,,
2025-03-28,Straw,16,Group A,,,,,
2025-03-28,Fattening Feed,96,Group A,,,,,
2025-03-29,Straw,16,Group A,,,,,
2025-03-29,Fattening Feed,96,Group A,,,,,
2025-03-30,Straw,16,Group A,,,,,
2025-03-30,Fattening Feed,96,Group A,,,,,
2025-03-31,Straw,16,Group A,,,,,
2025-03-31,Fattening Feed,96,Group A,,,,,
2025-04-01,Straw,16,Group A,,,,,
2025-04-01,Fattening Feed,96,Group A,,,,,
2025-04-02,Straw,16,Group A,,,,,
2025-04-02,Fattening Feed,96,Group A,,,,,
2025-04-03,Straw,16,Group A,,,,,
2025-04-03,Fattening Feed,96,Group A,,,,,
2025-04-04,Straw,16,Group A,,,,,
2025-04-04,Fattening Feed,96,Group A,,,,,
2025-04-05,Straw,16,Group A,,,,,
2025-04-05,Fattening Feed,96,Group A,,,,,
2025-04-06,Straw,16,Group A,,,,,
2025-04-06,Fattening Feed,96,Group A,,,,,
2025-04-07,Straw,16,Group A,,,,,
2025-04-07,Fattening Feed,96,Group A,,,,,
2025-04-08,Straw,16,Group A,,,,,
2025-04-08,Fattening Feed,96,Group A,,,,,
2025-04-09,Straw,16,Group A,,,,,
2025-04-09,Fattening Feed,96,Group A,,,,,
2025-04-10,Straw,16,Group A,,,,,
2025-04-10,Fattening Feed,96,Group A,,,,,
2025-04-11,Straw,16,Group A,,,,,
2025-04-11,Fattening Feed,96,Group A,,,,,
2025-04-12,Straw,16,Group A,,,,,
2025-04-12,Fattening Feed,96,Group A,,,,,
2025-04-13,Straw,16,Group A,,,,,
2025-04-13,Fattening Feed,96,Group A,,,,,
2025-04-14,Straw,16,Group A,,,,,
2025-04-14,Fattening Feed,96,Group A,,,,,
2025-04-15,Straw,16,Group A,,,,,
2025-04-15,Fattening Feed,96,Group A,,,,,
2025-04-16,Straw,17,Group A,,,,,
2025-04-16,Fattening Feed,80,Group A,,,,,
2025-04-17,Straw,17,Group A,,,,,
2025-04-17,Fattening Feed,80,Group A,,,,,
2025-04-18,Straw,17,Group A,,,,,
2025-04-18,Fattening Feed,80,Group A,,,,,
2025-04-19,Straw,17,Group A,,,,,
2025-04-19,Fattening Feed,80,Group A,,,,,
2025-04-20,Straw,17,Group A,,,,,
2025-04-20,Fattening Feed,80,Group A,,,,,
2025-04-21,Straw,17,Group A,,,,,
2025-04-21,Fattening Feed,80,Group A,,,,,
2025-04-22,Straw,17,Group A,,,,,
2025-04-22,Fattening Feed,80,Group A,,,,,
2025-04-23,Straw,17,Group A,,,,,
2025-04-23,Fattening Feed,80,Group A,,,,,
2025-04-24,Straw,17,Group A,,,,,
2025-04-24,Fattening Feed,80,Group A,,,,,
2025-04-25,Straw,17,Group A,,,,,
2025-04-25,Fattening Feed,80,Group A,,,,,
2025-04-26,Straw,17,Group A,,,,,
2025-04-26,Fattening Feed,80,Group A,,,,,
2025-04-27,Straw,17,Group A,,,,,
2025-04-27,Fattening Feed,80,Group A,,,,,
2025-04-28,Straw,17,Group A,,,,,
2025-04-28,Fattening Feed,80,Group A,,,,,
2025-04-28,Straw,8,Group B,,,,,
2025-04-28,Fattening Feed,40,Group B,,,,,
2025-04-28,Straw,4,Group C,,,,,
2025-04-28,Fattening Feed,8,Group C,,,,,
2025-04-28,Straw,4,Group D,,,,,
2025-04-28,Young Calf Feed,6,Group D,,,,,
2025-04-29,Straw,17,Group A,,,,,
2025-04-29,Fattening Feed,80,Group A,,,,,
2025-04-29,Straw,8,Group B,,,,,
2025-04-29,Fattening Feed,40,Group B,,,,,
2025-04-29,Straw,4,Group C,,,,,
2025-04-29,Fattening Feed,8,Group C,,,,,
2025-04-29,Straw,4,Group D,,,,,
2025-04-29,Young Calf Feed,6,Group D,,,,,
2025-04-30,Straw,17,Group A,,,,,
2025-04-30,Fattening Feed,80,Group A,,,,,
2025-04-30,Straw,8,Group B,,,,,
2025-04-30,Fattening Feed,40,Group B,,,,,
2025-04-30,Straw,4,Group C,,,,,
2025-04-30,Fattening Feed,8,Group C,,,,,
2025-04-30,Straw,4,Group D,,,,,
2025-04-30,Young Calf Feed,6,Group D,,,,,
2025-05-01,Straw,17,Group A,,,,,
2025-05-01,Fattening Feed,80,Group A,,,,,
2025-05-01,Straw,8,Group B,,,,,
2025-05-01,Fattening Feed,40,Group B,,,,,
2025-05-01,Straw,4,Group C,,,,,
2025-05-01,Fattening Feed,8,Group C,,,,,
2025-05-01,Straw,4,Group D,,,,,
2025-05-01,Young Calf Feed,6,Group D,,,,,
2025-05-02,Straw,17,Group A,,,,,
2025-05-02,Fattening Feed,80,Group A,,,,,
2025-05-02,Straw,8,Group B,,,,,
2025-05-02,Fattening Feed,40,Group B,,,,,
2025-05-02,Straw,4,Group C,,,,,
2025-05-02,Fattening Feed,8,Group C,,,,,
2025-05-02,Straw,4,Group D,,,,,
2025-05-02,Young Calf Feed,6,Group D,,,,,
2025-05-03,Straw,17,Group A,,,,,
2025-05-03,Fattening Feed,80,Group A,,,,,
2025-05-03,Straw,8,Group B,,,,,
2025-05-03,Fattening Feed,40,Group B,,,,,
2025-05-03,Straw,4,Group C,,,,,
2025-05-03,Fattening Feed,8,Group C,,,,,
2025-05-03,Straw,4,Group D,,,,,
2025-05-03,Young Calf Feed,6,Group D,,,,,
2025-05-04,Straw,17,Group A,,,,,
2025-05-04,Fattening Feed,80,Group A,,,,,
2025-05-04,Straw,8,Group B,,,,,
2025-05-04,Fattening Feed,40,Group B,,,,,
2025-05-04,Straw,4,Group C,,,,,
2025-05-04,Fattening Feed,8,Group C,,,,,
2025-05-04,Straw,4,Group D,,,,,
2025-05-04,Young Calf Feed,6,Group D,,,,,
2025-05-05,Straw,17,Group A,,,,,
2025-05-05,Fattening Feed,80,Group A,,,,,
2025-05-05,Straw,8,Group B,,,,,
2025-05-05,Fattening Feed,40,Group B,,,,,
2025-05-05,Straw,4,Group C,,,,,
2025-05-05,Fattening Feed,8,Group C,,,,,
2025-05-05,Straw,4,Group D,,,,,
2025-05-05,Young Calf Feed,6,Group D,,,,,
2025-05-06,Straw,17,Group A,,,,,
2025-05-06,Fattening Feed,80,Group A,,,,,
2025-05-06,Straw,8,Group B,,,,,
2025-05-06,Fattening Feed,40,Group B,,,,,
2025-05-06,Straw,4,Group C,,,,,
2025-05-06,Fattening Feed,8,Group C,,,,,
2025-05-06,Straw,4,Group D,,,,,
2025-05-06,Young Calf Feed,6,Group D,,,,,
2025-05-07,Straw,18,Group A,,,,,
2025-05-07,Fattening Feed,80,Group A,,,,,
2025-05-07,Straw,9,Group B,,,,,
2025-05-07,Fattening Feed,40,Group B,,,,,
2025-05-07,Straw,4,Group C,,,,,
2025-05-07,Fattening Feed,8,Group C,,,,,
2025-05-07,Straw,4,Group D,,,,,
2025-05-07,Young Calf Feed,6,Group D,,,,,
2025-05-08,Straw,18,Group A,,,,,
2025-05-08,Fattening Feed,80,Group A,,,,,
2025-05-08,Straw,9,Group B,,,,,
2025-05-08,Fattening Feed,40,Group B,,,,,
2025-05-08,Straw,4,Group C,,,,,
2025-05-08,Fattening Feed,8,Group C,,,,,
2025-05-08,Straw,4,Group D,,,,,
2025-05-08,Young Calf Feed,6,Group D,,,,,
2025-05-09,Straw,18,Group A,,,,,
2025-05-09,Fattening Feed,80,Group A,,,,,
2025-05-09,Straw,9,Group B,,,,,
2025-05-09,Fattening Feed,40,Group B,,,,,
2025-05-09,Straw,4,Group C,,,,,
2025-05-09,Fattening Feed,8,Group C,,,,,
2025-05-09,Straw,4,Group D,,,,,
2025-05-09,Young Calf Feed,6,Group D,,,,,
2025-05-10,Straw,16,Group A,,,,,
2025-05-10,Fattening Feed,70,Group A,,,,,
2025-05-10,Straw,10,Group B,,,,,
2025-05-10,Fattening Feed,50,Group B,,,,,
2025-05-10,Straw,4,Group C,,,,,
2025-05-10,Fattening Feed,8,Group C,,,,,
2025-05-10,Straw,4,Group D,,,,,
2025-05-10,Young Calf Feed,6,Group D,,,,,
2025-05-11,Straw,16,Group A,,,,,
2025-05-11,Fattening Feed,70,Group A,,,,,
2025-05-11,Straw,10,Group B,,,,,
2025-05-11,Fattening Feed,50,Group B,,,,,
2025-05-11,Straw,4,Group C,,,,,
2025-05-11,Fattening Feed,8,Group C,,,,,
2025-05-11,Straw,4,Group D,,,,,
2025-05-11,Young Calf Feed,6,Group D,,,,,
2025-05-11,Summer Corn,5,Group A,,,,,
2025-05-12,Straw,16,Group A,,,,,
2025-05-12,Fattening Feed,70,Group A,,,,,
2025-05-12,Straw,12,Group B,,,,,
2025-05-12,Fattening Feed,50,Group B,,,,,
2025-05-12,Straw,4,Group C,,,,,
2025-05-12,Fattening Feed,10,Group C,,,,,
2025-05-12,Straw,4,Group D,,,,,
2025-05-12,Young Calf Feed,6,Group D,,,,,
2025-05-12,Summer Corn,5,Group A,,,,,
2025-05-13,Straw,16,Group A,,,,,
2025-05-13,Fattening Feed,70,Group A,,,,,
2025-05-13,Straw,12,Group B,,,,,
2025-05-13,Fattening Feed,50,Group B,,,,,
2025-05-13,Straw,4,Group C,,,,,
2025-05-13,Fattening Feed,10,Group C,,,,,
2025-05-13,Straw,4,Group D,,,,,
2025-05-13,Young Calf Feed,6,Group D,,,,,
2025-05-13,Summer Corn,5,Group A,,,,,
2025-05-14,Straw,16,Group A,,,,,
2025-05-14,Fattening Feed,70,Group A,,,,,
2025-05-14,Straw,12,Group B,,,,,
2025-05-14,Fattening Feed,50,Group B,,,,,
2025-05-14,Straw,4,Group C,,,,,
2025-05-14,Fattening Feed,10,Group C,,,,,
2025-05-14,Straw,4,Group D,,,,,
2025-05-14,Young Calf Feed,6,Group D,,,,,
2025-05-14,Summer Corn,5,Group A,,,,,
2025-05-15,Straw,16,Group A,,,,,
2025-05-15,Fattening Feed,70,Group A,,,,,
2025-05-15,Straw,12,Group B,,,,,
2025-05-15,Fattening Feed,50,Group B,,,,,
2025-05-15,Straw,4,Group C,,,,,
2025-05-15,Fattening Feed,10,Group C,,,,,
2025-05-15,Straw,4,Group D,,,,,
2025-05-15,Young Calf Feed,6,Group D,,,,,
2025-05-15,Summer Corn,8,Group A,,,,,
2025-05-16,Straw,16,Group A,,,,,
2025-05-16,Fattening Feed,70,Group A,,,,,
2025-05-16,Straw,12,Group B,,,,,
2025-05-16,Fattening Feed,50,Group B,,,,,
2025-05-16,Straw,4,Group C,,,,,
2025-05-16,Fattening Feed,10,Group C,,,,,
2025-05-16,Straw,4,Group D,,,,,
2025-05-16,Young Calf Feed,6,Group D,,,,,
2025-05-16,Summer Corn,8,Group A,,,,,
2025-05-16,Summer Corn,3,Group B,,,,,
2025-05-17,Straw,16,Group A,,,,,
2025-05-17,Fattening Feed,70,Group A,,,,,
2025-05-17,Straw,12,Group B,,,,,
2025-05-17,Fattening Feed,50,Group B,,,,,
2025-05-17,Straw,4,Group C,,,,,
2025-05-17,Fattening Feed,10,Group C,,,,,
2025-05-17,Straw,4,Group D,,,,,
2025-05-17,Young Calf Feed,6,Group D,,,,,
2025-05-17,Summer Corn,8,Group A,,,,,
2025-05-17,Summer Corn,3,Group B,,,,,
2025-05-18,Straw,16,Group A,,,,,
2025-05-18,Fattening Feed,70,Group A,,,,,
2025-05-18,Straw,12,Group B,,,,,
2025-05-18,Fattening Feed,50,Group B,,,,,
2025-05-18,Straw,4,Group C,,,,,
2025-05-18,Fattening Feed,10,Group C,,,,,
2025-05-18,Straw,4,Group D,,,,,
2025-05-18,Young Calf Feed,6,Group D,,,,,
2025-05-18,Summer Corn,8,Group A,,,,,
2025-05-18,Summer Corn,3,Group B,,,,,
2025-05-19,Straw,16,Group A,,,,,
2025-05-19,Fattening Feed,70,Group A,,,,,
2025-05-19,Straw,12,Group B,,,,,
2025-05-19,Fattening Feed,50,Group B,,,,,
2025-05-19,Straw,4,Group C,,,,,
2025-05-19,Fattening Feed,15,Group C,,,,,
2025-05-19,Straw,4,Group D,,,,,
2025-05-19,Young Calf Feed,6,Group D,,,,,
2025-05-19,Summer Corn,3,Group B,,,,,
2025-05-20,Straw,16,Group A,,,,,
2025-05-20,Fattening Feed,70,Group A,,,,,
2025-05-20,Straw,12,Group B,,,,,
2025-05-20,Fattening Feed,50,Group B,,,,,
2025-05-20,Straw,4,Group C,,,,,
2025-05-20,Fattening Feed,15,Group C,,,,,
2025-05-20,Straw,4,Group D,,,,,
2025-05-20,Young Calf Feed,6,Group D,,,,,
2025-05-20,Summer Corn,3,Group B,,,,,
2025-05-20,Summer Corn,8,Group A,,,,,
2025-05-20,Summer Corn,2,Group C,,,,,
2025-05-20,Young Calf Feed,1.5,Group D,,,,,
2025-05-21,Straw,16,Group A,,,,,
2025-05-21,Fattening Feed,70,Group A,,,,,
2025-05-21,Straw,12,Group B,,,,,
2025-05-21,Fattening Feed,50,Group B,,,,,
2025-05-21,Straw,4,Group C,,,,,
2025-05-21,Fattening Feed,15,Group C,,,,,
2025-05-21,Straw,4,Group D,,,,,
2025-05-21,Young Calf Feed,6,Group D,,,,,
2025-05-21,Summer Corn,3,Group B,,,,,
2025-05-21,Summer Corn,8,Group A,,,,,
2025-05-21,Summer Corn,2,Group C,,,,,
2025-05-22,Straw,16,Group A,,,,,
2025-05-22,Fattening Feed,70,Group A,,,,,
2025-05-22,Straw,12,Group B,,,,,
2025-05-22,Fattening Feed,50,Group B,,,,,
2025-05-22,Straw,4,Group C,,,,,
2025-05-22,Fattening Feed,15,Group C,,,,,
2025-05-22,Straw,4,Group D,,,,,
2025-05-22,Young Calf Feed,6,Group D,,,,,
2025-05-22,Summer Corn,3,Group B,,,,,
2025-05-22,Summer Corn,8,Group A,,,,,
2025-05-22,Summer Corn,2,Group C,,,,,
2025-05-23,Straw,16,Group A,,,,,
2025-05-23,Fattening Feed,70,Group A,,,,,
2025-05-23,Straw,12,Group B,,,,,
2025-05-23,Fattening Feed,50,Group B,,,,,
2025-05-23,Straw,4,Group C,,,,,
2025-05-23,Fattening Feed,15,Group C,,,,,
2025-05-23,Straw,4,Group D,,,,,
2025-05-23,Young Calf Feed,6,Group D,,,,,
2025-05-23,Summer Corn,3,Group B,,,,,
2025-05-23,Summer Corn,8,Group A,,,,,
2025-05-23,Summer Corn,2,Group C,,,,,
2025-05-24,Straw,16,Group A,,,,,
2025-05-24,Fattening Feed,70,Group A,,,,,
2025-05-24,Straw,12,Group B,,,,,
2025-05-24,Fattening Feed,50,Group B,,,,,
2025-05-24,Straw,4,Group C,,,,,
2025-05-24,Fattening Feed,15,Group C,,,,,
2025-05-24,Straw,4,Group D,,,,,
2025-05-24,Young Calf Feed,6,Group D,,,,,
2025-05-24,Summer Corn,5,Group B,,,,,
2025-05-24,Summer Corn,8,Group A,,,,,
2025-05-24,Summer Corn,2,Group C,,,,,
2025-05-24,Young Calf Feed,1,Group D,,,,,
2025-05-25,Straw,16,Group A,,,,,
2025-05-25,Fattening Feed,70,Group A,,,,,
2025-05-25,Straw,12,Group B,,,,,
2025-05-25,Fattening Feed,50,Group B,,,,,
2025-05-25,Straw,4,Group C,,,,,
2025-05-25,Fattening Feed,15,Group C,,,,,
2025-05-25,Straw,4,Group D,,,,,
2025-05-25,Young Calf Feed,6,Group D,,,,,
2025-05-25,Summer Corn,3,Group B,,,,,
2025-05-25,Summer Corn,8,Group A,,,,,
2025-05-25,Summer Corn,2,Group C,,,,,
2025-05-25,Young Calf Feed,1,Group D,,,,,
2025-05-26,Straw,16,Group A,,,,,
2025-05-26,Fattening Feed,70,Group A,,,,,
2025-05-26,Straw,12,Group B,,,,,
2025-05-26,Fattening Feed,50,Group B,,,,,
2025-05-26,Straw,4,Group C,,,,,
2025-05-26,Fattening Feed,15,Group C,,,,,
2025-05-26,Straw,4,Group D,,,,,
2025-05-26,Young Calf Feed,6,Group D,,,,,
2025-05-26,Summer Corn,3,Group B,,,,,
2025-05-26,Summer Corn,8,Group A,,,,,
2025-05-26,Summer Corn,2,Group C,,,,,
2025-05-26,Young Calf Feed,1,Group D,,,,,
2025-05-27,Straw,16,Group A,,,,,
2025-05-27,Fattening Feed,70,Group A,,,,,
2025-05-27,Straw,12,Group B,,,,,
2025-05-27,Fattening Feed,50,Group B,,,,,
2025-05-27,Straw,4,Group C,,,,,
2025-05-27,Fattening Feed,15,Group C,,,,,
2025-05-27,Straw,4,Group D,,,,,
2025-05-27,Young Calf Feed,6,Group D,,,,,
2025-05-27,Summer Corn,4,Group B,,,,,
2025-05-27,Summer Corn,9,Group A,,,,,
2025-05-27,Summer Corn,2.5,Group C,,,,,
2025-05-27,Young Calf Feed,1.5,Group D,,,,,
2025-05-28,Straw,16,Group A,,,,,
2025-05-28,Fattening Feed,70,Group A,,,,,
2025-05-28,Straw,12,Group B,,,,,
2025-05-28,Fattening Feed,50,Group B,,,,,
2025-05-28,Straw,4,Group C,,,,,
2025-05-28,Fattening Feed,15,Group C,,,,,
2025-05-28,Straw,4,Group D,,,,,
2025-05-28,Young Calf Feed,6,Group D,,,,,
2025-05-28,Summer Corn,4,Group B,,,,,
2025-05-28,Summer Corn,9,Group A,,,,,
2025-05-28,Summer Corn,2.5,Group C,,,,,
2025-05-28,Young Calf Feed,1.5,Group D,,,,,
2025-05-29,Straw,16,Group A,,,,,
2025-05-29,Fattening Feed,70,Group A,,,,,
2025-05-29,Straw,12,Group B,,,,,
2025-05-29,Fattening Feed,50,Group B,,,,,
2025-05-29,Straw,4,Group C,,,,,
2025-05-29,Fattening Feed,15,Group C,,,,,
2025-05-29,Straw,4,Group D,,,,,
2025-05-29,Young Calf Feed,10,Group D,,,,,
2025-05-29,Summer Corn,4,Group B,,,,,
2025-05-29,Summer Corn,9,Group A,,,,,
2025-05-29,Summer Corn,2.5,Group C,,,,,
2025-05-30,Straw,16,Group A,,,,,
2025-05-30,Fattening Feed,70,Group A,,,,,
2025-05-30,Straw,12,Group B,,,,,
2025-05-30,Fattening Feed,50,Group B,,,,,
2025-05-30,Straw,4,Group C,,,,,
2025-05-30,Fattening Feed,15,Group C,,,,,
2025-05-30,Straw,4,Group D,,,,,
2025-05-30,Young Calf Feed,10,Group D,,,,,
2025-05-30,Summer Corn,3,Group B,,,,,
2025-05-30,Summer Corn,9,Group A,,,,,
2025-05-30,Summer Corn,2.5,Group C,,,,,
2025-05-31,Straw,16,Group A,,,,,
2025-05-31,Fattening Feed,70,Group A,,,,,
2025-05-31,Straw,12,Group B,,,,,
2025-05-31,Fattening Feed,50,Group B,,,,,
2025-05-31,Straw,4,Group C,,,,,
2025-05-31,Fattening Feed,15,Group C,,,,,
2025-05-31,Straw,4,Group D,,,,,
2025-05-31,Young Calf Feed,10,Group D,,,,,
2025-05-31,Summer Corn,4,Group B,,,,,
2025-05-31,Summer Corn,9,Group A,,,,,
2025-05-31,Summer Corn,2.5,Group C,,,,,
2025-06-01,Straw,16,Group A,,,,,
2025-06-01,Fattening Feed,70,Group A,,,,,
2025-06-01,Straw,12,Group B,,,,,
2025-06-01,Fattening Feed,50,Group B,,,,,
2025-06-01,Straw,4,Group C,,,,,
2025-06-01,Fattening Feed,15,Group C,,,,,
2025-06-01,Straw,4,Group D,,,,,
2025-06-01,Young Calf Feed,10,Group D,,,,,
2025-06-01,Summer Corn,4,Group B,,,,,
2025-06-01,Summer Corn,9,Group A,,,,,
2025-06-01,Summer Corn,2.5,Group C,,,,,
2025-06-02,Straw,16,Group A,,,,,
2025-06-02,Fattening Feed,70,Group A,,,,,
2025-06-02,Straw,12,Group B,,,,,
2025-06-02,Fattening Feed,50,Group B,,,,,
2025-06-02,Straw,4,Group C,,,,,
2025-06-02,Fattening Feed,15,Group C,,,,,
2025-06-02,Straw,4,Group D,,,,,
2025-06-02,Young Calf Feed,12,Group D,,,,,
2025-06-02,Summer Corn,4,Group B,,,,,
2025-06-02,Summer Corn,6,Group A,,,,,
2025-06-02,Summer Corn,2.5,Group C,,,,,
2025-06-02,Bran,2,Group A,,,,,
2025-06-03,Straw,14,Group A,,,,,
2025-06-03,Fattening Feed,60,Group A,,,,,
2025-06-03,Straw,8,Group B,,,,,
2025-06-03,Fattening Feed,40,Group B,,,,,
2025-06-03,Straw,4,Group C,,,,,
2025-06-03,Fattening Feed,15,Group C,,,,,
2025-06-03,Straw,4,Group D,,,,,
2025-06-03,Young Calf Feed,12,Group D,,,,,
2025-06-03,Bran,3,Group A,,,,,
2025-06-03,Summer Corn,3,Group C,,,,,
2025-06-04,Straw,10,Group A,,,,,
2025-06-04,Fattening Feed,40,Group A,,,,,
2025-06-04,Straw,8,Group B,,,,,
2025-06-04,Fattening Feed,40,Group B,,,,,
2025-06-04,Straw,4,Group C,,,,,
2025-06-04,Fattening Feed,15,Group C,,,,,
2025-06-04,Straw,4,Group D,,,,,
2025-06-04,Young Calf Feed,12,Group D,,,,,
2025-06-04,Summer Corn,3,Group C,,,,,
2025-06-05,Straw,10,Group A,,,,,
2025-06-05,Fattening Feed,40,Group A,,,,,
2025-06-05,Straw,8,Group B,,,,,
2025-06-05,Fattening Feed,40,Group B,,,,,
2025-06-05,Straw,4,Group C,,,,,
2025-06-05,Fattening Feed,15,Group C,,,,,
2025-06-05,Straw,4,Group D,,,,,
2025-06-05,Young Calf Feed,12,Group D,,,,,
2025-06-05,Summer Corn,3,Group C,,,,,
2025-06-05,Summer Corn,5,Group A,,,,,
2026-06-25,Summer Corn,,,,,,,
2026-06-26,Hay,,,,,,,
2026-06-27,Summer Corn,,,,,,,
2026-06-28,Hay,,,,,,,
2026-06-29,Summer Corn,,,,,,,
2026-06-30,Hay,,,,,,,
2026-07-01,Summer Corn,,,,,,,
2026-07-02,Hay,,,,,,,
2026-07-03,Summer Corn,,,,,,,
2026-07-04,Hay,,,,,,,
2026-07-05,Summer Corn,,,,,,,
2026-07-06,Hay,,,,,,,
2026-07-07,Summer Corn,,,,,,,
2026-07-08,Hay,,,,,,,
2026-07-09,Summer Corn,,,,,,,
2026-07-10,Hay,,,,,,,
2026-07-11,Summer Corn,,,,,,,
2026-07-12,Hay,,,,,,,
2026-07-13,Summer Corn,,,,,,,
2026-07-14,Hay,,,,,,,
2026-07-15,Summer Corn,,,,,,,
2026-07-16,Hay,,,,,,,
2026-07-17,Summer Corn,,,,,,,
2026-07-18,Hay,,,,,,,
2026-07-19,Summer Corn,,,,,,,
2026-07-20,Hay,,,,,,,
2026-07-21,Summer Corn,,,,,,,
2026-07-22,Hay,,,,,,,
2026-07-23,Summer Corn,,,,,,,
2026-07-24,Hay,,,,,,,
2026-07-25,Summer Corn,,,,,,,
2026-07-26,Hay,,,,,,,
2026-07-27,Summer Corn,,,,,,,
2026-07-28,Hay,,,,,,,
2026-07-29,Summer Corn,,,,,,,
2026-07-30,Hay,,,,,,,
2026-07-31,Summer Corn,,,,,,,
2026-08-01,Hay,,,,,,,
2026-08-02,Summer Corn,,,,,,,
2026-08-03,Hay,,,,,,,
2026-08-04,Summer Corn,,,,,,,
2026-08-05,Hay,,,,,,,
2026-08-06,Summer Corn,,,,,,,
2026-08-07,Hay,,,,,,,
2026-08-08,Summer Corn,,,,,,,
2026-08-09,Hay,,,,,,,
2026-08-10,Summer Corn,,,,,,,
2026-08-11,Hay,,,,,,,
2026-08-12,Summer Corn,,,,,,,
2026-08-13,Hay,,,,,,,
2026-08-14,Summer Corn,,,,,,,
2026-08-15,Hay,,,,,,,
2026-08-16,Summer Corn,,,,,,,
2026-08-17,Hay,,,,,,,
2026-08-18,Summer Corn,,,,,,,
2026-08-19,Hay,,,,,,,
2026-08-20,Summer Corn,,,,,,,
2026-08-21,Hay,,,,,,,
2026-08-22,Summer Corn,,,,,,,
2026-08-23,Hay,,,,,,,
2026-08-24,Summer Corn,,,,,,,
2026-08-25,Hay,,,,,,,
2026-08-26,Summer Corn,,,,,,,
2026-08-27,Hay,,,,,,,
2026-08-28,Summer Corn,,,,,,,
2026-08-29,Hay,,,,,,,
2026-08-30,Summer Corn,,,,,,,
2026-08-31,Hay,,,,,,,
2026-09-01,Summer Corn,,,,,,,
2026-09-02,Hay,,,,,,,
2026-09-03,Summer Corn,,,,,,,
2026-09-04,Hay,,,,,,,
2026-09-05,Summer Corn,,,,,,,
2026-09-06,Hay,,,,,,,
2026-09-07,Summer Corn,,,,,,,
2026-09-08,Hay,,,,,,,
2026-09-09,Summer Corn,,,,,,,
2026-09-10,Hay,,,,,,,
2026-09-11,Summer Corn,,,,,,,
2026-09-12,Hay,,,,,,,
2026-09-13,Summer Corn,,,,,,,
2026-09-14,Hay,,,,,,,
2026-09-15,Summer Corn,,,,,,,
2026-09-16,Hay,,,,,,,
2026-09-17,Summer Corn,,,,,,,
2026-09-18,Hay,,,,,,,
2026-09-19,Summer Corn,,,,,,,
2026-09-20,Hay,,,,,,,
2026-09-21,Summer Corn,,,,,,,
2026-09-22,Hay,,,,,,,
2026-09-23,Summer Corn,,,,,,,
2026-09-24,Hay,,,,,,,
2026-09-25,Summer Corn,,,,,,,
2026-09-26,Hay,,,,,,,
2026-09-27,Summer Corn,,,,,,,
2026-09-28,Hay,,,,,,,
2026-09-29,Summer Corn,,,,,,,
2026-09-30,Hay,,,,,,,
2026-10-01,Summer Corn,,,,,,,
2026-10-02,Hay,,,,,,,
2026-10-03,Summer Corn,,,,,,,
2026-10-04,Hay,,,,,,,
2026-10-05,Summer Corn,,,,,,,
2026-10-06,Hay,,,,,,,
2026-10-07,Summer Corn,,,,,,,
2026-10-08,Hay,,,,,,,
2026-10-09,Summer Corn,,,,,,,
2026-10-10,Hay,,,,,,,
2026-10-11,Summer Corn,,,,,,,
2026-10-12,Hay,,,,,,,
2026-10-13,Summer Corn,,,,,,,
2026-10-14,Hay,,,,,,,
2026-10-15,Summer Corn,,,,,,,
2026-10-16,Hay,,,,,,,
2026-10-17,Summer Corn,,,,,,,
2026-10-18,Hay,,,,,,,
2026-10-19,Summer Corn,,,,,,,
2026-10-20,Hay,,,,,,,
2026-10-21,Summer Corn,,,,,,,
2026-10-22,Hay,,,,,,,
2026-10-23,Summer Corn,,,,,,,
2026-10-24,Hay,,,,,,,
2026-10-25,Summer Corn,,,,,,,
2026-10-26,Hay,,,,,,,
2026-10-27,Summer Corn,,,,,,,
2026-10-28,Hay,,,,,,,
2026-10-29,Summer Corn,,,,,,,
2026-10-30,Hay,,,,,,,
2026-10-31,Summer Corn,,,,,,,
2026-11-01,Hay,,,,,,,
2026-11-02,Summer Corn,,,,,,,
2026-11-03,Hay,,,,,,,
2026-11-04,Summer Corn,,,,,,,
2026-11-05,Hay,,,,,,,
2026-11-06,Summer Corn,,,,,,,
2026-11-07,Hay,,,,,,,
2026-11-08,Summer Corn,,,,,,,
2026-11-09,Hay,,,,,,,
2026-11-10,Summer Corn,,,,,,,
2026-11-11,Hay,,,,,,,
2026-11-12,Summer Corn,,,,,,,
2026-11-13,Hay,,,,,,,
2026-11-14,Summer Corn,,,,,,,
2026-11-15,Hay,,,,,,,
2026-11-16,Summer Corn,,,,,,,
2026-11-17,Hay,,,,,,,
2026-11-18,Summer Corn,,,,,,,
2026-11-19,Hay,,,,,,,
2026-11-20,Summer Corn,,,,,,,
2026-11-21,Hay,,,,,,,
2026-11-22,Summer Corn,,,,,,,
2026-11-23,Hay,,,,,,,
2026-11-24,Summer Corn,,,,,,,
2026-11-25,Hay,,,,,,,
2026-11-26,Summer Corn,,,,,,,
2026-11-27,Hay,,,,,,,
2026-11-28,Summer Corn,,,,,,,
2026-11-29,Hay,,,,,,,
2026-11-30,Summer Corn,,,,,,,
2026-12-01,Hay,,,,,,,
2026-12-02,Summer Corn,,,,,,,
2026-12-03,Hay,,,,,,,
2026-12-04,Summer Corn,,,,,,,
2026-12-05,Hay,,,,,,,
2026-12-06,Summer Corn,,,,,,,
2026-12-07,Hay,,,,,,,
2026-12-08,Summer Corn,,,,,,,
2026-12-09,Hay,,,,,,,
2026-12-10,Summer Corn,,,,,,,
2026-12-11,Hay,,,,,,,
2026-12-12,Summer Corn,,,,,,,
2026-12-13,Hay,,,,,,,
2026-12-14,Summer Corn,,,,,,,
2026-12-15,Hay,,,,,,,
2026-12-16,Summer Corn,,,,,,,
2026-12-17,Hay,,,,,,,
2026-12-18,Summer Corn,,,,,,,
2026-12-19,Hay,,,,,,,
2026-12-20,Summer Corn,,,,,,,
2026-12-21,Hay,,,,,,,
2026-12-22,Summer Corn,,,,,,,
2026-12-23,Hay,,,,,,,
2026-12-24,Summer Corn,,,,,,,
2026-12-25,Hay,,,,,,,
2026-12-26,Summer Corn,,,,,,,
2026-12-27,Hay,,,,,,,
2026-12-28,Summer Corn,,,,,,,
2026-12-29,Hay,,,,,,,
2026-12-30,Summer Corn,,,,,,,
2026-12-31,Hay,,,,,,,
2027-01-01,Summer Corn,,,,,,,
2027-01-02,Hay,,,,,,,
2027-01-03,Summer Corn,,,,,,,
2027-01-04,Hay,,,,,,,
2027-01-05,Summer Corn,,,,,,,
2027-01-06,Hay,,,,,,,
2027-01-07,Summer Corn,,,,,,,
2027-01-08,Hay,,,,,,,
2027-01-09,Summer Corn,,,,,,,
2027-01-10,Hay,,,,,,,
2027-01-11,Summer Corn,,,,,,,
2027-01-12,Hay,,,,,,,
2027-01-13,Summer Corn,,,,,,,
2027-01-14,Hay,,,,,,,
2027-01-15,Summer Corn,,,,,,,
2027-01-16,Hay,,,,,,,
2027-01-17,Summer Corn,,,,,,,
2027-01-18,Hay,,,,,,,
2027-01-19,Summer Corn,,,,,,,
2027-01-20,Hay,,,,,,,
2027-01-21,Summer Corn,,,,,,,
2027-01-22,Hay,,,,,,,
2027-01-23,Summer Corn,,,,,,,
2027-01-24,Hay,,,,,,,
2027-01-25,Summer Corn,,,,,,,
2027-01-26,Hay,,,,,,,
2027-01-27,Summer Corn,,,,,,,
2027-01-28,Hay,,,,,,,
2027-01-29,Summer Corn,,,,,,,
2027-01-30,Hay,,,,,,,
2027-01-31,Summer Corn,,,,,,,
2027-02-01,Hay,,,,,,,
2027-02-02,Summer Corn,,,,,,,
2027-02-03,Hay,,,,,,,
2027-02-04,Summer Corn,,,,,,,
2027-02-05,Hay,,,,,,,
2027-02-06,Summer Corn,,,,,,,
2027-02-07,Hay,,,,,,,
2027-02-08,Summer Corn,,,,,,,
2027-02-09,Hay,,,,,,,
2027-02-10,Summer Corn,,,,,,,
2027-02-11,Hay,,,,,,,
2027-02-12,Summer Corn,,,,,,,
2027-02-13,Hay,,,,,,,
2027-02-14,Summer Corn,,,,,,,
2027-02-15,Hay,,,,,,,
2027-02-16,Summer Corn,,,,,,,
2027-02-17,Hay,,,,,,,
2027-02-18,Summer Corn,,,,,,,
2027-02-19,Hay,,,,,,,
2027-02-20,Summer Corn,,,,,,,
2027-02-21,Hay,,,,,,,
2027-02-22,Summer Corn,,,,,,,
2027-02-23,Hay,,,,,,,
2027-02-24,Summer Corn,,,,,,,
2027-02-25,Hay,,,,,,,
2027-02-26,Summer Corn,,,,,,,
2027-02-27,Hay,,,,,,,
2027-02-28,Summer Corn,,,,,,,
2027-03-01,Hay,,,,,,,
2027-03-02,Summer Corn,,,,,,,
2027-03-03,Hay,,,,,,,
2027-03-04,Summer Corn,,,,,,,
2027-03-05,Hay,,,,,,,
2027-03-06,Summer Corn,,,,,,,
2027-03-07,Hay,,,,,,,
2027-03-08,Summer Corn,,,,,,,
2027-03-09,Hay,,,,,,,
2027-03-10,Summer Corn,,,,,,,
2027-03-11,Hay,,,,,,,
2027-03-12,Summer Corn,,,,,,,
2027-03-13,Hay,,,,,,,
2027-03-14,Summer Corn,,,,,,,
2027-03-15,Bran,,,,,,,
2027-03-16,Bran,,,,,,,
2027-03-17,Bran,,,,,,,
2027-03-18,Bran,,,,,,,
2027-03-19,Bran,,,,,,,
2027-03-20,Bran,,,,,,,
2027-03-21,Bran,,,,,,,
2027-03-22,Bran,,,,,,,
2027-03-23,Bran,,,,,,,
2027-03-24,Bran,,,,,,,
2027-03-25,Bran,,,,,,,
2027-03-26,Bran,,,,,,,
2027-03-27,Bran,,,,,,,
2027-03-28,Bran,,,,,,,
2027-03-29,Bran,,,,,,,
2027-03-30,Bran,,,,,,,
2027-03-31,Bran,,,,,,,
2027-04-01,Bran,,,,,,,
2027-04-02,Bran,,,,,,,
2027-04-03,Bran,,,,,,,
2027-04-04,Bran,,,,,,,
2027-04-05,Bran,,,,,,,
2027-04-06,Bran,,,,,,,
2027-04-07,Bran,,,,,,,
2027-04-08,Bran,,,,,,,
2027-04-09,Bran,,,,,,,
2027-04-10,Bran,,,,,,,
2027-04-11,Bran,,,,,,,
2027-04-12,Bran,,,,,,,
2027-04-13,Bran,,,,,,,
2027-04-14,Bran,,,,,,,
2027-04-15,Bran,,,,,,,
2027-04-16,Bran,,,,,,,
2027-04-17,Bran,,,,,,,
2027-04-18,Bran,,,,,,,
2027-04-19,Bran,,,,,,,
2027-04-20,Bran,,,,,,,
2027-04-21,Bran,,,,,,,
2027-04-22,Bran,,,,,,,
2027-04-23,Bran,,,,,,,
2027-04-24,Bran,,,,,,,
2027-04-25,Bran,,,,,,,
2027-04-26,Bran,,,,,,,
2027-04-27,Bran,,,,,,,
2027-04-28,Bran,,,,,,,
2027-04-29,Bran,,,,,,,
2027-04-30,Bran,,,,,,,
2027-05-01,Bran,,,,,,,
2027-05-02,Bran,,,,,,,
2027-05-03,Bran,,,,,,,
2027-05-04,Bran,,,,,,,
2027-05-05,Bran,,,,,,,
2027-05-06,Bran,,,,,,,
2027-05-07,Bran,,,,,,,
2027-05-08,Bran,,,,,,,
2027-05-09,Bran,,,,,,,
2027-05-10,Bran,,,,,,,
2027-05-11,Bran,,,,,,,
2027-05-12,Bran,,,,,,,
2027-05-13,Bran,,,,,,,
2027-05-14,Bran,,,,,,,
2027-05-15,Bran,,,,,,,
2027-05-16,Bran,,,,,,,
2027-05-17,Bran,,,,,,,
2027-05-18,Bran,,,,,,,
2027-05-19,Bran,,,,,,,
2027-05-20,Bran,,,,,,,
2027-05-21,Bran,,,,,,,
2027-05-22,Bran,,,,,,,
2027-05-23,Bran,,,,,,,
2027-05-24,Bran,,,,,,,
2027-05-25,Bran,,,,,,,
2027-05-26,Bran,,,,,,,
2027-05-27,Bran,,,,,,,
2027-05-28,Bran,,,,,,,
2027-05-29,Bran,,,,,,,
2027-05-30,Bran,,,,,,,
2027-05-31,Bran,,,,,,,
2027-06-01,Bran,,,,,,,
2027-06-02,Bran,,,,,,,
2027-06-03,Bran,,,,,,,
2027-06-04,Bran,,,,,,,
2027-06-05,Bran,,,,,,,
2027-06-06,Bran,,,,,,,
2027-06-07,Bran,,,,,,,
2027-06-08,Bran,,,,,,,
2027-06-09,Bran,,,,,,,
2027-06-10,Bran,,,,,,,
2027-06-11,Bran,,,,,,,
2027-06-12,Bran,,,,,,,
2027-06-13,Bran,,,,,,,
2027-06-14,Bran,,,,,,,
2027-06-15,Bran,,,,,,,
2027-06-16,Bran,,,,,,,
2027-06-17,Bran,,,,,,,
2027-06-18,Bran,,,,,,,
2027-06-19,Bran,,,,,,,
2027-06-20,Bran,,,,,,,
2027-06-21,Bran,,,,,,,
2027-06-22,Bran,,,,,,,
2027-06-23,Bran,,,,,,,
2027-06-24,Bran,,,,,,,
2027-06-25,Bran,,,,,,,
2027-06-26,Bran,,,,,,,
2027-06-27,Bran,,,,,,,
2027-06-28,Bran,,,,,,,
2027-06-29,Bran,,,,,,,
2027-06-30,Bran,,,,,,,
2027-07-01,Bran,,,,,,,
2027-07-02,Bran,,,,,,,
2027-07-03,Bran,,,,,,,
2027-07-04,Bran,,,,,,,
2027-07-05,Bran,,,,,,,
2027-07-06,Bran,,,,,,,
2027-07-07,Bran,,,,,,,
2027-07-08,Bran,,,,,,,
2027-07-09,Bran,,,,,,,
2027-07-10,Bran,,,,,,,
2027-07-11,Bran,,,,,,,
2027-07-12,Bran,,,,,,,
2027-07-13,Bran,,,,,,,
2027-07-14,Bran,,,,,,,
2027-07-15,Bran,,,,,,,
2027-07-16,Bran,,,,,,,
2027-07-17,Bran,,,,,,,
2027-07-18,Bran,,,,,,,
2027-07-19,Bran,,,,,,,
2027-07-20,Bran,,,,,,,
2027-07-21,Bran,,,,,,,
2027-07-22,Bran,,,,,,,
2027-07-23,Bran,,,,,,,
2027-07-24,Bran,,,,,,,
2027-07-25,Bran,,,,,,,
2027-07-26,Bran,,,,,,,
2027-07-27,Bran,,,,,,,
2027-07-28,Bran,,,,,,,
2027-07-29,Bran,,,,,,,
2027-07-30,Bran,,,,,,,
2027-07-31,Bran,,,,,,,
2027-08-01,Bran,,,,,,,
2027-08-02,Bran,,,,,,,
2027-08-03,Bran,,,,,,,
2027-08-04,Bran,,,,,,,
2027-08-05,Bran,,,,,,,
2027-08-06,Bran,,,,,,,
2027-08-07,Bran,,,,,,,
2027-08-08,Bran,,,,,,,
2027-08-09,Bran,,,,,,,
2027-08-10,Bran,,,,,,,
2027-08-11,Bran,,,,,,,
2027-08-12,Bran,,,,,,,
2027-08-13,Bran,,,,,,,
2027-08-14,Bran,,,,,,,
2027-08-15,Bran,,,,,,,
2027-08-16,Bran,,,,,,,
2027-08-17,Bran,,,,,,,
2027-08-18,Bran,,,,,,,
2027-08-19,Bran,,,,,,,
2027-08-20,Bran,,,,,,,
2027-08-21,Bran,,,,,,,
2027-08-22,Bran,,,,,,,
2027-08-23,Bran,,,,,,,
2027-08-24,Bran,,,,,,,
2027-08-25,Bran,,,,,,,
2027-08-26,Bran,,,,,,,
2027-08-27,Bran,,,,,,,
2027-08-28,Bran,,,,,,,
2027-08-29,Bran,,,,,,,
2027-08-30,Bran,,,,,,,
2027-08-31,Bran,,,,,,,
2027-09-01,Bran,,,,,,,
2027-09-02,Bran,,,,,,,
2027-09-03,Bran,,,,,,,
2027-09-04,Bran,,,,,,,
2027-09-05,Bran,,,,,,,
2027-09-06,Bran,,,,,,,
2027-09-07,Bran,,,,,,,
2027-09-08,Bran,,,,,,,
2027-09-09,Bran,,,,,,,
2027-09-10,Bran,,,,,,,
2027-09-11,Bran,,,,,,,
2027-09-12,Bran,,,,,,,
2027-09-13,Bran,,,,,,,
2027-09-14,Bran,,,,,,,
2027-09-15,Bran,,,,,,,
2027-09-16,Bran,,,,,,,
2027-09-17,Bran,,,,,,,
2027-09-18,Bran,,,,,,,
2027-09-19,Bran,,,,,,,
2027-09-20,Bran,,,,,,,
2027-09-21,Bran,,,,,,,
2027-09-22,Bran,,,,,,,
2027-09-23,Bran,,,,,,,
2027-09-24,Bran,,,,,,,
2027-09-25,Bran,,,,,,,
2027-09-26,Bran,,,,,,,
2027-09-27,Bran,,,,,,,
2027-09-28,Bran,,,,,,,
2027-09-29,Bran,,,,,,,
2027-09-30,Bran,,,,,,,
2027-10-01,Bran,,,,,,,
2027-10-02,Bran,,,,,,,
2027-10-03,Bran,,,,,,,
2027-10-04,Bran,,,,,,,
2027-10-05,Bran,,,,,,,
2027-10-06,Bran,,,,,,,
2027-10-07,Bran,,,,,,,
2027-10-08,Bran,,,,,,,
2027-10-09,Bran,,,,,,,
2027-10-10,Bran,,,,,,,
2027-10-11,Bran,,,,,,,
2027-10-12,Bran,,,,,,,
2027-10-13,Bran,,,,,,,
2027-10-14,Bran,,,,,,,
2027-10-15,Bran,,,,,,,
2027-10-16,Bran,,,,,,,
2027-10-17,Bran,,,,,,,
2027-10-18,Bran,,,,,,,
2027-10-19,Bran,,,,,,,
2027-10-20,Bran,,,,,,,
2027-10-21,Bran,,,,,,,
2027-10-22,Bran,,,,,,,
2027-10-23,Bran,,,,,,,
2027-10-24,Bran,,,,,,,
2027-10-25,Bran,,,,,,,
2027-10-26,Bran,,,,,,,
2027-10-27,Bran,,,,,,,
2027-10-28,Bran,,,,,,,
2027-10-29,Bran,,,,,,,
2027-10-30,Bran,,,,,,,
2027-10-31,Bran,,,,,,,
2027-11-01,Bran,,,,,,,
2027-11-02,Bran,,,,,,,
2027-11-03,Bran,,,,,,,
2027-11-04,Bran,,,,,,,
2027-11-05,Bran,,,,,,,
2027-11-06,Bran,,,,,,,
2027-11-07,Bran,,,,,,,
2027-11-08,Bran,,,,,,,
2027-11-09,Bran,,,,,,,
2027-11-10,Bran,,,,,,,
2027-11-11,Bran,,,,,,,
2027-11-12,Bran,,,,,,,
2027-11-13,Bran,,,,,,,
2027-11-14,Bran,,,,,,,
2027-11-15,Bran,,,,,,,
2027-11-16,Bran,,,,,,,
2027-11-17,Bran,,,,,,,
2027-11-18,Bran,,,,,,,
2027-11-19,Bran,,,,,,,
2027-11-20,Bran,,,,,,,
2027-11-21,Bran,,,,,,,
2027-11-22,Bran,,,,,,,
2027-11-23,Bran,,,,,,,
2027-11-24,Bran,,,,,,,
2027-11-25,Bran,,,,,,,
2027-11-26,Bran,,,,,,,
2027-11-27,Bran,,,,,,,
2027-11-28,Bran,,,,,,,
2027-11-29,Bran,,,,,,,
2027-11-30,Bran,,,,,,,
2027-12-01,Bran,,,,,,,
2027-12-02,Bran,,,,,,,
2027-12-03,Bran,,,,,,,
2027-12-04,Bran,,,,,,,
2027-12-05,Bran,,,,,,,
2027-12-06,Bran,,,,,,,
2027-12-07,Bran,,,,,,,
2027-12-08,Bran,,,,,,,
2027-12-09,Bran,,,,,,,
2027-12-10,Bran,,,,,,,
2027-12-11,Bran,,,,,,,
2027-12-12,Bran,,,,,,,
2027-12-13,Bran,,,,,,,
2027-12-14,Bran,,,,,,,
2027-12-15,Bran,,,,,,,
2027-12-16,Bran,,,,,,,
2027-12-17,Bran,,,,,,,
2027-12-18,Bran,,,,,,,
2027-12-19,Bran,,,,,,,
2027-12-20,Bran,,,,,,,
2027-12-21,Bran,,,,,,,
2027-12-22,Bran,,,,,,,
2027-12-23,Bran,,,,,,,
2027-12-24,Bran,,,,,,,
2027-12-25,Bran,,,,,,,
2027-12-26,Bran,,,,,,,
2027-12-27,Bran,,,,,,,
2027-12-28,Bran,,,,,,,
2027-12-29,Bran,,,,,,,
2027-12-30,Bran,,,,,,,
2027-12-31,Bran,,,,,,,
2028-01-01,Bran,,,,,,,
2028-01-02,Bran,,,,,,,
2028-01-03,Bran,,,,,,,
2028-01-04,Bran,,,,,,,
2028-01-05,Bran,,,,,,,
2028-01-06,Bran,,,,,,,
2028-01-07,Bran,,,,,,,
2028-01-08,Bran,,,,,,,
2028-01-09,Bran,,,,,,,
2028-01-10,Bran,,,,,,,
2028-01-11,Bran,,,,,,,
2028-01-12,Bran,,,,,,,
2028-01-13,Bran,,,,,,,
2028-01-14,Bran,,,,,,,
2028-01-15,Bran,,,,,,,
2028-01-16,Bran,,,,,,,
2028-01-17,Bran,,,,,,,
2028-01-18,Bran,,,,,,,
2028-01-19,Bran,,,,,,,
2028-01-20,Bran,,,,,,,
2028-01-21,Bran,,,,,,,
2028-01-22,Bran,,,,,,,
2028-01-23,Bran,,,,,,,
2028-01-24,Bran,,,,,,,
2028-01-25,Bran,,,,,,,
2028-01-26,Bran,,,,,,,
2028-01-27,Bran,,,,,,,
2028-01-28,Bran,,,,,,,
2028-01-29,Bran,,,,,,,
2028-01-30,Bran,,,,,,,
2028-01-31,Bran,,,,,,,
2028-02-01,Bran,,,,,,,
2028-02-02,Bran,,,,,,,
2028-02-03,Bran,,,,,,,
2028-02-04,Bran,,,,,,,
2028-02-05,Bran,,,,,,,
2028-02-06,Bran,,,,,,,
2028-02-07,Bran,,,,,,,
2028-02-08,Bran,,,,,,,
2028-02-09,Bran,,,,,,,
2028-02-10,Bran,,,,,,,
2028-02-11,Bran,,,,,,,
2028-02-12,Bran,,,,,,,
2028-02-13,Bran,,,,,,,
2028-02-14,Bran,,,,,,,
2028-02-15,Bran,,,,,,,
2028-02-16,Bran,,,,,,,
2028-02-17,Bran,,,,,,,
2028-02-18,Bran,,,,,,,
2028-02-19,Bran,,,,,,,
2028-02-20,Bran,,,,,,,
2028-02-21,Bran,,,,,,,
2028-02-22,Bran,,,,,,,
2028-02-23,Bran,,,,,,,
2028-02-24,Bran,,,,,,,
2028-02-25,Bran,,,,,,,
2028-02-26,Bran,,,,,,,
2028-02-27,Bran,,,,,,,
2028-02-28,Bran,,,,,,,
2028-02-29,Bran,,,,,,,
2028-03-01,Bran,,,,,,,
2028-03-02,Bran,,,,,,,
2028-03-03,Bran,,,,,,,
2028-03-04,Bran,,,,,,,
2028-03-05,Bran,,,,,,,
2028-03-06,Bran,,,,,,,
2028-03-07,Bran,,,,,,,
2028-03-08,Bran,,,,,,,
2028-03-09,Bran,,,,,,,
2028-03-10,Bran,,,,,,,
2028-03-11,Bran,,,,,,,
2028-03-12,Bran,,,,,,,
2028-03-13,Bran,,,,,,,
2028-03-14,Fattening Feed,,,,,,,
2028-03-15,Fattening Feed,,,,,,,
2028-03-16,Fattening Feed,,,,,,,
2028-03-17,Fattening Feed,,,,,,,
2028-03-18,Fattening Feed,,,,,,,
2028-03-19,Fattening Feed,,,,,,,
2028-03-20,Fattening Feed,,,,,,,
2028-03-21,Fattening Feed,,,,,,,
2028-03-22,Fattening Feed,,,,,,,
2028-03-23,Fattening Feed,,,,,,,
2028-03-24,Fattening Feed,,,,,,,
2028-03-25,Fattening Feed,,,,,,,
2028-03-26,Fattening Feed,,,,,,,
2028-03-27,Fattening Feed,,,,,,,
2028-03-28,Fattening Feed,,,,,,,
2028-03-29,Fattening Feed,,,,,,,
2028-03-30,Fattening Feed,,,,,,,
2028-03-31,Fattening Feed,,,,,,,
2028-04-01,Fattening Feed,,,,,,,
2028-04-02,Fattening Feed,,,,,,,
2028-04-03,Fattening Feed,,,,,,,
2028-04-04,Fattening Feed,,,,,,,
2028-04-05,Fattening Feed,,,,,,,
2028-04-06,Fattening Feed,,,,,,,
2028-04-07,Fattening Feed,,,,,,,
2028-04-08,Fattening Feed,,,,,,,
2028-04-09,Fattening Feed,,,,,,,
2028-04-10,Fattening Feed,,,,,,,
2028-04-11,Fattening Feed,,,,,,,
2028-04-12,Fattening Feed,,,,,,,
2028-04-13,Fattening Feed,,,,,,,
2028-04-14,Fattening Feed,,,,,,,
2028-04-15,Fattening Feed,,,,,,,
2028-04-16,Fattening Feed,,,,,,,
2028-04-17,Fattening Feed,,,,,,,
2028-04-18,Fattening Feed,,,,,,,
2028-04-19,Fattening Feed,,,,,,,
2028-04-20,Fattening Feed,,,,,,,
2028-04-21,Fattening Feed,,,,,,,
2028-04-22,Fattening Feed,,,,,,,
2028-04-23,Fattening Feed,,,,,,,
2028-04-24,Fattening Feed,,,,,,,
2028-04-25,Fattening Feed,,,,,,,
2028-04-26,Fattening Feed,,,,,,,
2028-04-27,Fattening Feed,,,,,,,
2028-04-28,Fattening Feed,,,,,,,
2028-04-29,Fattening Feed,,,,,,,
2028-04-30,Fattening Feed,,,,,,,
2028-05-01,Fattening Feed,,,,,,,
2028-05-02,Fattening Feed,,,,,,,
2028-05-03,Fattening Feed,,,,,,,
2028-05-04,Fattening Feed,,,,,,,
2028-05-05,Fattening Feed,,,,,,,
2028-05-06,Fattening Feed,,,,,,,
2028-05-07,Fattening Feed,,,,,,,
2028-05-08,Fattening Feed,,,,,,,
2028-05-09,Fattening Feed,,,,,,,
2028-05-10,Fattening Feed,,,,,,,
2028-05-11,Fattening Feed,,,,,,,
2028-05-12,Fattening Feed,,,,,,,
2028-05-13,Fattening Feed,,,,,,,
2028-05-14,Fattening Feed,,,,,,,
2028-05-15,Fattening Feed,,,,,,,
2028-05-16,Fattening Feed,,,,,,,
2028-05-17,Fattening Feed,,,,,,,
2028-05-18,Fattening Feed,,,,,,,
2028-05-19,Fattening Feed,,,,,,,
2028-05-20,Fattening Feed,,,,,,,
2028-05-21,Fattening Feed,,,,,,,
2028-05-22,Fattening Feed,,,,,,,
2028-05-23,Fattening Feed,,,,,,,
2028-05-24,Fattening Feed,,,,,,,
2028-05-25,Fattening Feed,,,,,,,
2028-05-26,Fattening Feed,,,,,,,
2028-05-27,Fattening Feed,,,,,,,
2028-05-28,Fattening Feed,,,,,,,
2028-05-29,Fattening Feed,,,,,,,
2028-05-30,Fattening Feed,,,,,,,
2028-05-31,Fattening Feed,,,,,,,
2028-06-01,Fattening Feed,,,,,,,
2028-06-02,Fattening Feed,,,,,,,
2028-06-03,Fattening Feed,,,,,,,
2028-06-04,Fattening Feed,,,,,,,
2028-06-05,Fattening Feed,,,,,,,
2028-06-06,Fattening Feed,,,,,,,
2028-06-07,Fattening Feed,,,,,,,
2028-06-08,Fattening Feed,,,,,,,
2028-06-09,Fattening Feed,,,,,,,
2028-06-10,Fattening Feed,,,,,,,
2028-06-11,Fattening Feed,,,,,,,
2028-06-12,Fattening Feed,,,,,,,
2028-06-13,Fattening Feed,,,,,,,
2028-06-14,Fattening Feed,,,,,,,
2028-06-15,Fattening Feed,,,,,,,
2028-06-16,Fattening Feed,,,,,,,
2028-06-17,Fattening Feed,,,,,,,
2028-06-18,Fattening Feed,,,,,,,
2028-06-19,Fattening Feed,,,,,,,
2028-06-20,Fattening Feed,,,,,,,
2028-06-21,Fattening Feed,,,,,,,
2028-06-22,Fattening Feed,,,,,,,
2028-06-23,Fattening Feed,,,,,,,
2028-06-24,Fattening Feed,,,,,,,
2028-06-25,Fattening Feed,,,,,,,
2028-06-26,Fattening Feed,,,,,,,
2028-06-27,Fattening Feed,,,,,,,
2028-06-28,Fattening Feed,,,,,,,
2028-06-29,Fattening Feed,,,,,,,
2028-06-30,Fattening Feed,,,,,,,
2028-07-01,Fattening Feed,,,,,,,
2028-07-02,Fattening Feed,,,,,,,
2028-07-03,Fattening Feed,,,,,,,
2028-07-04,Fattening Feed,,,,,,,
2028-07-05,Fattening Feed,,,,,,,
2028-07-06,Fattening Feed,,,,,,,
2028-07-07,Fattening Feed,,,,,,,
2028-07-08,Fattening Feed,,,,,,,
2028-07-09,Fattening Feed,,,,,,,
2028-07-10,Fattening Feed,,,,,,,
2028-07-11,Fattening Feed,,,,,,,
2028-07-12,Fattening Feed,,,,,,,
2028-07-13,Fattening Feed,,,,,,,
2028-07-14,Fattening Feed,,,,,,,
2028-07-15,Fattening Feed,,,,,,,
2028-07-16,Fattening Feed,,,,,,,
2028-07-17,Fattening Feed,,,,,,,
2028-07-18,Fattening Feed,,,,,,,
2028-07-19,Fattening Feed,,,,,,,
2028-07-20,Fattening Feed,,,,,,,
2028-07-21,Fattening Feed,,,,,,,
2028-07-22,Fattening Feed,,,,,,,
2028-07-23,Fattening Feed,,,,,,,
2028-07-24,Fattening Feed,,,,,,,
2028-07-25,Fattening Feed,,,,,,,
2028-07-26,Fattening Feed,,,,,,,
2028-07-27,Fattening Feed,,,,,,,
2028-07-28,Fattening Feed,,,,,,,
2028-07-29,Fattening Feed,,,,,,,
2028-07-30,Fattening Feed,,,,,,,
2028-07-31,Fattening Feed,,,,,,,
2028-08-01,Fattening Feed,,,,,,,
2028-08-02,Fattening Feed,,,,,,,
2028-08-03,Fattening Feed,,,,,,,
2028-08-04,Fattening Feed,,,,,,,
2028-08-05,Fattening Feed,,,,,,,
2028-08-06,Fattening Feed,,,,,,,
2028-08-07,Fattening Feed,,,,,,,
2028-08-08,Fattening Feed,,,,,,,
2028-08-09,Fattening Feed,,,,,,,
2028-08-10,Fattening Feed,,,,,,,
2028-08-11,Fattening Feed,,,,,,,
2028-08-12,Fattening Feed,,,,,,,
2028-08-13,Fattening Feed,,,,,,,
2028-08-14,Fattening Feed,,,,,,,
2028-08-15,Fattening Feed,,,,,,,
2028-08-16,Fattening Feed,,,,,,,
2028-08-17,Fattening Feed,,,,,,,
2028-08-18,Fattening Feed,,,,,,,
2028-08-19,Fattening Feed,,,,,,,
2028-08-20,Fattening Feed,,,,,,,
2028-08-21,Fattening Feed,,,,,,,
2028-08-22,Fattening Feed,,,,,,,
2028-08-23,Fattening Feed,,,,,,,
2028-08-24,Fattening Feed,,,,,,,
2028-08-25,Fattening Feed,,,,,,,
2028-08-26,Fattening Feed,,,,,,,
2028-08-27,Fattening Feed,,,,,,,
2028-08-28,Fattening Feed,,,,,,,
2028-08-29,Fattening Feed,,,,,,,
2028-08-30,Fattening Feed,,,,,,,
2028-08-31,Fattening Feed,,,,,,,
2028-09-01,Fattening Feed,,,,,,,
2028-09-02,Fattening Feed,,,,,,,
2028-09-03,Fattening Feed,,,,,,,
2028-09-04,Fattening Feed,,,,,,,
2028-09-05,Fattening Feed,,,,,,,
2028-09-06,Fattening Feed,,,,,,,
2028-09-07,Fattening Feed,,,,,,,
2028-09-08,Fattening Feed,,,,,,,
2028-09-09,Fattening Feed,,,,,,,
2028-09-10,Fattening Feed,,,,,,,
2028-09-11,Fattening Feed,,,,,,,
2028-09-12,Fattening Feed,,,,,,,
2028-09-13,Fattening Feed,,,,,,,
2028-09-14,Fattening Feed,,,,,,,
2028-09-15,Fattening Feed,,,,,,,
2028-09-16,Fattening Feed,,,,,,,
2028-09-17,Fattening Feed,,,,,,,
2028-09-18,Fattening Feed,,,,,,,
2028-09-19,Fattening Feed,,,,,,,
2028-09-20,Fattening Feed,,,,,,,
2028-09-21,Fattening Feed,,,,,,,
2028-09-22,Fattening Feed,,,,,,,
2028-09-23,Fattening Feed,,,,,,,
2028-09-24,Fattening Feed,,,,,,,
2028-09-25,Fattening Feed,,,,,,,
2028-09-26,Fattening Feed,,,,,,,
2028-09-27,Fattening Feed,,,,,,,
2028-09-28,Fattening Feed,,,,,,,
2028-09-29,Fattening Feed,,,,,,,
2028-09-30,Fattening Feed,,,,,,,
2028-10-01,Fattening Feed,,,,,,,
2028-10-02,Fattening Feed,,,,,,,
2028-10-03,Fattening Feed,,,,,,,
2028-10-04,Fattening Feed,,,,,,,
2028-10-05,Fattening Feed,,,,,,,
2028-10-06,Fattening Feed,,,,,,,
2028-10-07,Fattening Feed,,,,,,,
2028-10-08,Fattening Feed,,,,,,,
2028-10-09,Fattening Feed,,,,,,,
2028-10-10,Fattening Feed,,,,,,,
2028-10-11,Fattening Feed,,,,,,,
2028-10-12,Fattening Feed,,,,,,,
2028-10-13,Fattening Feed,,,,,,,
2028-10-14,Fattening Feed,,,,,,,
2028-10-15,Fattening Feed,,,,,,,
2028-10-16,Fattening Feed,,,,,,,
2028-10-17,Fattening Feed,,,,,,,
2028-10-18,Fattening Feed,,,,,,,
2028-10-19,Fattening Feed,,,,,,,
2028-10-20,Fattening Feed,,,,,,,
2028-10-21,Fattening Feed,,,,,,,
2028-10-22,Fattening Feed,,,,,,,
2028-10-23,Fattening Feed,,,,,,,
2028-10-24,Fattening Feed,,,,,,,
2028-10-25,Fattening Feed,,,,,,,
2028-10-26,Fattening Feed,,,,,,,
2028-10-27,Fattening Feed,,,,,,,
2028-10-28,Fattening Feed,,,,,,,
2028-10-29,Fattening Feed,,,,,,,
2028-10-30,Fattening Feed,,,,,,,
2028-10-31,Fattening Feed,,,,,,,
2028-11-01,Fattening Feed,,,,,,,
2028-11-02,Fattening Feed,,,,,,,
2028-11-03,Fattening Feed,,,,,,,
2028-11-04,Fattening Feed,,,,,,,
2028-11-05,Fattening Feed,,,,,,,
2028-11-06,Fattening Feed,,,,,,,
2028-11-07,Fattening Feed,,,,,,,
2028-11-08,Fattening Feed,,,,,,,
2028-11-09,Fattening Feed,,,,,,,
2028-11-10,Fattening Feed,,,,,,,
2028-11-11,Fattening Feed,,,,,,,
2028-11-12,Fattening Feed,,,,,,,
2028-11-13,Fattening Feed,,,,,,,
2028-11-14,Fattening Feed,,,,,,,
2028-11-15,Fattening Feed,,,,,,,
2028-11-16,Fattening Feed,,,,,,,
2028-11-17,Fattening Feed,,,,,,,
2028-11-18,Fattening Feed,,,,,,,
2028-11-19,Fattening Feed,,,,,,,
2028-11-20,Fattening Feed,,,,,,,
2028-11-21,Fattening Feed,,,,,,,
2028-11-22,Fattening Feed,,,,,,,
2028-11-23,Fattening Feed,,,,,,,
2028-11-24,Fattening Feed,,,,,,,
2028-11-25,Fattening Feed,,,,,,,
2028-11-26,Fattening Feed,,,,,,,
2028-11-27,Fattening Feed,,,,,,,
2028-11-28,Fattening Feed,,,,,,,
2028-11-29,Fattening Feed,,,,,,,
2028-11-30,Fattening Feed,,,,,,,
2028-12-01,Fattening Feed,,,,,,,
2028-12-02,Fattening Feed,,,,,,,
2028-12-03,Fattening Feed,,,,,,,
2028-12-04,Fattening Feed,,,,,,,
2028-12-05,Fattening Feed,,,,,,,
2028-12-06,Fattening Feed,,,,,,,
2028-12-07,Fattening Feed,,,,,,,
2028-12-08,Fattening Feed,,,,,,,
2028-12-09,Fattening Feed,,,,,,,
2028-12-10,Fattening Feed,,,,,,,
2028-12-11,Fattening Feed,,,,,,,
2028-12-12,Fattening Feed,,,,,,,
2028-12-13,Fattening Feed,,,,,,,
2028-12-14,Fattening Feed,,,,,,,
2028-12-15,Fattening Feed,,,,,,,
2028-12-16,Fattening Feed,,,,,,,
2028-12-17,Fattening Feed,,,,,,,
2028-12-18,Fattening Feed,,,,,,,
2028-12-19,Fattening Feed,,,,,,,
2028-12-20,Fattening Feed,,,,,,,
2028-12-21,Fattening Feed,,,,,,,
2028-12-22,Fattening Feed,,,,,,,
2028-12-23,Fattening Feed,,,,,,,
2028-12-24,Fattening Feed,,,,,,,
2028-12-25,Fattening Feed,,,,,,,
2028-12-26,Fattening Feed,,,,,,,
2028-12-27,Fattening Feed,,,,,,,
2028-12-28,Fattening Feed,,,,,,,
2028-12-29,Fattening Feed,,,,,,,
2028-12-30,Fattening Feed,,,,,,,
2028-12-31,Fattening Feed,,,,,,,
2029-01-01,Fattening Feed,,,,,,,
2029-01-02,Fattening Feed,,,,,,,
2029-01-03,Fattening Feed,,,,,,,
2029-01-04,Fattening Feed,,,,,,,
2029-01-05,Fattening Feed,,,,,,,
2029-01-06,Fattening Feed,,,,,,,
2029-01-07,Fattening Feed,,,,,,,
2029-01-08,Fattening Feed,,,,,,,
2029-01-09,Fattening Feed,,,,,,,
2029-01-10,Fattening Feed,,,,,,,
2029-01-11,Fattening Feed,,,,,,,
2029-01-12,Fattening Feed,,,,,,,
2029-01-13,Fattening Feed,,,,,,,
2029-01-14,Fattening Feed,,,,,,,
2029-01-15,Fattening Feed,,,,,,,
2029-01-16,Fattening Feed,,,,,,,
2029-01-17,Fattening Feed,,,,,,,
2029-01-18,Fattening Feed,,,,,,,
2029-01-19,Fattening Feed,,,,,,,
2029-01-20,Fattening Feed,,,,,,,
2029-01-21,Fattening Feed,,,,,,,
2029-01-22,Fattening Feed,,,,,,,
2029-01-23,Fattening Feed,,,,,,,
2029-01-24,Fattening Feed,,,,,,,
2029-01-25,Fattening Feed,,,,,,,
2029-01-26,Fattening Feed,,,,,,,
2029-01-27,Fattening Feed,,,,,,,
2029-01-28,Fattening Feed,,,,,,,
2029-01-29,Fattening Feed,,,,,,,
2029-01-30,Fattening Feed,,,,,,,
2029-01-31,Fattening Feed,,,,,,,
2029-02-01,Fattening Feed,,,,,,,
2029-02-02,Fattening Feed,,,,,,,
2029-02-03,Fattening Feed,,,,,,,
2029-02-04,Fattening Feed,,,,,,,
2029-02-05,Fattening Feed,,,,,,,
2029-02-06,Fattening Feed,,,,,,,
2029-02-07,Fattening Feed,,,,,,,
2029-02-08,Fattening Feed,,,,,,,
2029-02-09,Fattening Feed,,,,,,,
2029-02-10,Fattening Feed,,,,,,,
2029-02-11,Fattening Feed,,,,,,,
2029-02-12,Fattening Feed,,,,,,,
2029-02-13,Fattening Feed,,,,,,,
2029-02-14,Fattening Feed,,,,,,,
2029-02-15,Fattening Feed,,,,,,,
2029-02-16,Fattening Feed,,,,,,,
2029-02-17,Fattening Feed,,,,,,,
2029-02-18,Fattening Feed,,,,,,,
2029-02-19,Fattening Feed,,,,,,,
2029-02-20,Fattening Feed,,,,,,,
2029-02-21,Fattening Feed,,,,,,,
2029-02-22,Fattening Feed,,,,,,,
2029-02-23,Fattening Feed,,,,,,,
2029-02-24,Fattening Feed,,,,,,,
2029-02-25,Fattening Feed,,,,,,,
2029-02-26,Fattening Feed,,,,,,,
2029-02-27,Fattening Feed,,,,,,,
2029-02-28,Fattening Feed,,,,,,,
2029-03-01,Fattening Feed,,,,,,,
2029-03-02,Fattening Feed,,,,,,,
2029-03-03,Fattening Feed,,,,,,,
2029-03-04,Fattening Feed,,,,,,,
2029-03-05,Fattening Feed,,,,,,,
2029-03-06,Fattening Feed,,,,,,,
2029-03-07,Fattening Feed,,,,,,,
2029-03-08,Fattening Feed,,,,,,,
2029-03-09,Fattening Feed,,,,,,,
2029-03-10,Fattening Feed,,,,,,,
2029-03-11,Fattening Feed,,,,,,,
2029-03-12,Fattening Feed,,,,,,,
2029-03-13,Fattening Feed,,,,,,,
2029-03-14,Young Calf Feed,,,,,,,
2029-03-15,Young Calf Feed,,,,,,,
2029-03-16,Young Calf Feed,,,,,,,
2029-03-17,Young Calf Feed,,,,,,,
2029-03-18,Young Calf Feed,,,,,,,
2029-03-19,Young Calf Feed,,,,,,,
2029-03-20,Young Calf Feed,,,,,,,
2029-03-21,Young Calf Feed,,,,,,,
2029-03-22,Young Calf Feed,,,,,,,
2029-03-23,Young Calf Feed,,,,,,,
2029-03-24,Young Calf Feed,,,,,,,
2029-03-25,Young Calf Feed,,,,,,,
2029-03-26,Young Calf Feed,,,,,,,
2029-03-27,Young Calf Feed,,,,,,,
2029-03-28,Young Calf Feed,,,,,,,
2029-03-29,Young Calf Feed,,,,,,,
2029-03-30,Young Calf Feed,,,,,,,
2029-03-31,Young Calf Feed,,,,,,,
2029-04-01,Young Calf Feed,,,,,,,
2029-04-02,Young Calf Feed,,,,,,,
2029-04-03,Young Calf Feed,,,,,,,
2029-04-04,Young Calf Feed,,,,,,,
2029-04-05,Young Calf Feed,,,,,,,
2029-04-06,Young Calf Feed,,,,,,,
2029-04-07,Young Calf Feed,,,,,,,
2029-04-08,Young Calf Feed,,,,,,,
2029-04-09,Young Calf Feed,,,,,,,
2029-04-10,Young Calf Feed,,,,,,,
2029-04-11,Young Calf Feed,,,,,,,
2029-04-12,Young Calf Feed,,,,,,,
2029-04-13,Young Calf Feed,,,,,,,
2029-04-14,Young Calf Feed,,,,,,,
2029-04-15,Young Calf Feed,,,,,,,
2029-04-16,Young Calf Feed,,,,,,,
2029-04-17,Young Calf Feed,,,,,,,
2029-04-18,Young Calf Feed,,,,,,,
2029-04-19,Young Calf Feed,,,,,,,
2029-04-20,Young Calf Feed,,,,,,,
2029-04-21,Young Calf Feed,,,,,,,
2029-04-22,Young Calf Feed,,,,,,,
2029-04-23,Young Calf Feed,,,,,,,
2029-04-24,Young Calf Feed,,,,,,,
2029-04-25,Young Calf Feed,,,,,,,
2029-04-26,Young Calf Feed,,,,,,,
2029-04-27,Young Calf Feed,,,,,,,
2029-04-28,Young Calf Feed,,,,,,,
2029-04-29,Young Calf Feed,,,,,,,
2029-04-30,Young Calf Feed,,,,,,,
2029-05-01,Young Calf Feed,,,,,,,
2029-05-02,Young Calf Feed,,,,,,,
2029-05-03,Young Calf Feed,,,,,,,
2029-05-04,Young Calf Feed,,,,,,,
2029-05-05,Young Calf Feed,,,,,,,
2029-05-06,Young Calf Feed,,,,,,,
2029-05-07,Young Calf Feed,,,,,,,
2029-05-08,Young Calf Feed,,,,,,,
2029-05-09,Young Calf Feed,,,,,,,
2029-05-10,Young Calf Feed,,,,,,,
2029-05-11,Young Calf Feed,,,,,,,
2029-05-12,Young Calf Feed,,,,,,,
2029-05-13,Young Calf Feed,,,,,,,
2029-05-14,Young Calf Feed,,,,,,,
2029-05-15,Young Calf Feed,,,,,,,
2029-05-16,Young Calf Feed,,,,,,,
2029-05-17,Young Calf Feed,,,,,,,
2029-05-18,Young Calf Feed,,,,,,,
2029-05-19,Young Calf Feed,,,,,,,
2029-05-20,Young Calf Feed,,,,,,,
2029-05-21,Young Calf Feed,,,,,,,
2029-05-22,Young Calf Feed,,,,,,,
2029-05-23,Young Calf Feed,,,,,,,
2029-05-24,Young Calf Feed,,,,,,,
2029-05-25,Young Calf Feed,,,,,,,
2029-05-26,Young Calf Feed,,,,,,,
2029-05-27,Young Calf Feed,,,,,,,
2029-05-28,Young Calf Feed,,,,,,,
2029-05-29,Young Calf Feed,,,,,,,
2029-05-30,Young Calf Feed,,,,,,,
2029-05-31,Young Calf Feed,,,,,,,
2029-06-01,Young Calf Feed,,,,,,,
2029-06-02,Young Calf Feed,,,,,,,
2029-06-03,Young Calf Feed,,,,,,,
2029-06-04,Young Calf Feed,,,,,,,
2029-06-05,Young Calf Feed,,,,,,,
2029-06-06,Young Calf Feed,,,,,,,
2029-06-07,Young Calf Feed,,,,,,,
2029-06-08,Young Calf Feed,,,,,,,
2029-06-09,Young Calf Feed,,,,,,,
2029-06-10,Young Calf Feed,,,,,,,
2029-06-11,Young Calf Feed,,,,,,,
2029-06-12,Young Calf Feed,,,,,,,
2029-06-13,Young Calf Feed,,,,,,,
2029-06-14,Young Calf Feed,,,,,,,
2029-06-15,Young Calf Feed,,,,,,,
2029-06-16,Young Calf Feed,,,,,,,
2029-06-17,Young Calf Feed,,,,,,,
2029-06-18,Young Calf Feed,,,,,,,
2029-06-19,Young Calf Feed,,,,,,,
2029-06-20,Young Calf Feed,,,,,,,
2029-06-21,Young Calf Feed,,,,,,,
2029-06-22,Young Calf Feed,,,,,,,
2029-06-23,Young Calf Feed,,,,,,,
2029-06-24,Young Calf Feed,,,,,,,
2029-06-25,Young Calf Feed,,,,,,,
2029-06-26,Young Calf Feed,,,,,,,
2029-06-27,Young Calf Feed,,,,,,,
2029-06-28,Young Calf Feed,,,,,,,
2029-06-29,Young Calf Feed,,,,,,,
2029-06-30,Young Calf Feed,,,,,,,
2029-07-01,Young Calf Feed,,,,,,,
2029-07-02,Young Calf Feed,,,,,,,
2029-07-03,Young Calf Feed,,,,,,,
2029-07-04,Young Calf Feed,,,,,,,
2029-07-05,Young Calf Feed,,,,,,,
2029-07-06,Young Calf Feed,,,,,,,
2029-07-07,Young Calf Feed,,,,,,,
2029-07-08,Young Calf Feed,,,,,,,
2029-07-09,Young Calf Feed,,,,,,,
2029-07-10,Young Calf Feed,,,,,,,
2029-07-11,Young Calf Feed,,,,,,,
2029-07-12,Young Calf Feed,,,,,,,
2029-07-13,Young Calf Feed,,,,,,,
2029-07-14,Young Calf Feed,,,,,,,
2029-07-15,Young Calf Feed,,,,,,,
2029-07-16,Young Calf Feed,,,,,,,
2029-07-17,Young Calf Feed,,,,,,,
2029-07-18,Young Calf Feed,,,,,,,
2029-07-19,Young Calf Feed,,,,,,,
2029-07-20,Young Calf Feed,,,,,,,
2029-07-21,Young Calf Feed,,,,,,,
2029-07-22,Young Calf Feed,,,,,,,
2029-07-23,Young Calf Feed,,,,,,,
2029-07-24,Young Calf Feed,,,,,,,
2029-07-25,Young Calf Feed,,,,,,,
2029-07-26,Young Calf Feed,,,,,,,
2029-07-27,Young Calf Feed,,,,,,,
2029-07-28,Young Calf Feed,,,,,,,
2029-07-29,Young Calf Feed,,,,,,,
2029-07-30,Young Calf Feed,,,,,,,
2029-07-31,Young Calf Feed,,,,,,,
2029-08-01,Young Calf Feed,,,,,,,
2029-08-02,Young Calf Feed,,,,,,,
2029-08-03,Young Calf Feed,,,,,,,
2029-08-04,Young Calf Feed,,,,,,,
2029-08-05,Young Calf Feed,,,,,,,
2029-08-06,Young Calf Feed,,,,,,,
2029-08-07,Young Calf Feed,,,,,,,
2029-08-08,Young Calf Feed,,,,,,,
2029-08-09,Young Calf Feed,,,,,,,
2029-08-10,Young Calf Feed,,,,,,,
2029-08-11,Young Calf Feed,,,,,,,
2029-08-12,Young Calf Feed,,,,,,,
2029-08-13,Young Calf Feed,,,,,,,
2029-08-14,Young Calf Feed,,,,,,,
2029-08-15,Young Calf Feed,,,,,,,
2029-08-16,Young Calf Feed,,,,,,,
2029-08-17,Young Calf Feed,,,,,,,
2029-08-18,Young Calf Feed,,,,,,,
2029-08-19,Young Calf Feed,,,,,,,
2029-08-20,Young Calf Feed,,,,,,,
2029-08-21,Young Calf Feed,,,,,,,
2029-08-22,Young Calf Feed,,,,,,,
2029-08-23,Young Calf Feed,,,,,,,
2029-08-24,Young Calf Feed,,,,,,,
2029-08-25,Young Calf Feed,,,,,,,
2029-08-26,Young Calf Feed,,,,,,,
2029-08-27,Young Calf Feed,,,,,,,
2029-08-28,Young Calf Feed,,,,,,,
2029-08-29,Young Calf Feed,,,,,,,
2029-08-30,Young Calf Feed,,,,,,,
2029-08-31,Young Calf Feed,,,,,,,
2029-09-01,Young Calf Feed,,,,,,,
2029-09-02,Young Calf Feed,,,,,,,
2029-09-03,Young Calf Feed,,,,,,,
2029-09-04,Young Calf Feed,,,,,,,
2029-09-05,Young Calf Feed,,,,,,,
2029-09-06,Young Calf Feed,,,,,,,
2029-09-07,Young Calf Feed,,,,,,,
2029-09-08,Young Calf Feed,,,,,,,
2029-09-09,Young Calf Feed,,,,,,,
2029-09-10,Young Calf Feed,,,,,,,
2029-09-11,Young Calf Feed,,,,,,,
2029-09-12,Young Calf Feed,,,,,,,
2029-09-13,Young Calf Feed,,,,,,,
2029-09-14,Young Calf Feed,,,,,,,
2029-09-15,Young Calf Feed,,,,,,,
2029-09-16,Young Calf Feed,,,,,,,
2029-09-17,Young Calf Feed,,,,,,,
2029-09-18,Young Calf Feed,,,,,,,
2029-09-19,Young Calf Feed,,,,,,,
2029-09-20,Young Calf Feed,,,,,,,
2029-09-21,Young Calf Feed,,,,,,,
2029-09-22,Young Calf Feed,,,,,,,
2029-09-23,Young Calf Feed,,,,,,,
2029-09-24,Young Calf Feed,,,,,,,
2029-09-25,Young Calf Feed,,,,,,,
2029-09-26,Young Calf Feed,,,,,,,
2029-09-27,Young Calf Feed,,,,,,,
2029-09-28,Young Calf Feed,,,,,,,
2029-09-29,Young Calf Feed,,,,,,,
2029-09-30,Young Calf Feed,,,,,,,
2029-10-01,Young Calf Feed,,,,,,,
2029-10-02,Young Calf Feed,,,,,,,
2029-10-03,Young Calf Feed,,,,,,,
2029-10-04,Young Calf Feed,,,,,,,
2029-10-05,Young Calf Feed,,,,,,,
2029-10-06,Young Calf Feed,,,,,,,
2029-10-07,Young Calf Feed,,,,,,,
2029-10-08,Young Calf Feed,,,,,,,
2029-10-09,Young Calf Feed,,,,,,,
2029-10-10,Young Calf Feed,,,,,,,
2029-10-11,Young Calf Feed,,,,,,,
2029-10-12,Young Calf Feed,,,,,,,
2029-10-13,Young Calf Feed,,,,,,,
2029-10-14,Young Calf Feed,,,,,,,
2029-10-15,Young Calf Feed,,,,,,,
2029-10-16,Young Calf Feed,,,,,,,
2029-10-17,Young Calf Feed,,,,,,,
2029-10-18,Young Calf Feed,,,,,,,
2029-10-19,Young Calf Feed,,,,,,,
2029-10-20,Young Calf Feed,,,,,,,
2029-10-21,Young Calf Feed,,,,,,,
2029-10-22,Young Calf Feed,,,,,,,
2029-10-23,Young Calf Feed,,,,,,,
2029-10-24,Young Calf Feed,,,,,,,
2029-10-25,Young Calf Feed,,,,,,,
2029-10-26,Young Calf Feed,,,,,,,
2029-10-27,Young Calf Feed,,,,,,,
2029-10-28,Young Calf Feed,,,,,,,
2029-10-29,Young Calf Feed,,,,,,,
2029-10-30,Young Calf Feed,,,,,,,
2029-10-31,Young Calf Feed,,,,,,,
2029-11-01,Young Calf Feed,,,,,,,
2029-11-02,Young Calf Feed,,,,,,,
2029-11-03,Young Calf Feed,,,,,,,
2029-11-04,Young Calf Feed,,,,,,,
2029-11-05,Young Calf Feed,,,,,,,
2029-11-06,Young Calf Feed,,,,,,,
2029-11-07,Young Calf Feed,,,,,,,
2029-11-08,Young Calf Feed,,,,,,,
2029-11-09,Young Calf Feed,,,,,,,
2029-11-10,Young Calf Feed,,,,,,,
2029-11-11,Young Calf Feed,,,,,,,
2029-11-12,Young Calf Feed,,,,,,,
2029-11-13,Young Calf Feed,,,,,,,
2029-11-14,Young Calf Feed,,,,,,,
2029-11-15,Young Calf Feed,,,,,,,
2029-11-16,Young Calf Feed,,,,,,,
2029-11-17,Young Calf Feed,,,,,,,
2029-11-18,Young Calf Feed,,,,,,,
2029-11-19,Young Calf Feed,,,,,,,
2029-11-20,Young Calf Feed,,,,,,,
2029-11-21,Young Calf Feed,,,,,,,
2029-11-22,Young Calf Feed,,,,,,,
2029-11-23,Young Calf Feed,,,,,,,
2029-11-24,Young Calf Feed,,,,,,,
2029-11-25,Young Calf Feed,,,,,,,
2029-11-26,Young Calf Feed,,,,,,,
2029-11-27,Young Calf Feed,,,,,,,
2029-11-28,Young Calf Feed,,,,,,,
2029-11-29,Young Calf Feed,,,,,,,
2029-11-30,Young Calf Feed,,,,,,,
2029-12-01,Young Calf Feed,,,,,,,
2029-12-02,Young Calf Feed,,,,,,,
2029-12-03,Young Calf Feed,,,,,,,
2029-12-04,Young Calf Feed,,,,,,,
2029-12-05,Young Calf Feed,,,,,,,
2029-12-06,Young Calf Feed,,,,,,,
2029-12-07,Young Calf Feed,,,,,,,
2029-12-08,Young Calf Feed,,,,,,,
2029-12-09,Young Calf Feed,,,,,,,
2029-12-10,Young Calf Feed,,,,,,,
2029-12-11,Young Calf Feed,,,,,,,
2029-12-12,Young Calf Feed,,,,,,,
2029-12-13,Young Calf Feed,,,,,,,
2029-12-14,Young Calf Feed,,,,,,,
2029-12-15,Young Calf Feed,,,,,,,
2029-12-16,Young Calf Feed,,,,,,,
2029-12-17,Young Calf Feed,,,,,,,
2029-12-18,Young Calf Feed,,,,,,,
2029-12-19,Young Calf Feed,,,,,,,
2029-12-20,Young Calf Feed,,,,,,,
2029-12-21,Young Calf Feed,,,,,,,
2029-12-22,Young Calf Feed,,,,,,,
2029-12-23,Young Calf Feed,,,,,,,
2029-12-24,Young Calf Feed,,,,,,,
2029-12-25,Young Calf Feed,,,,,,,
2029-12-26,Young Calf Feed,,,,,,,
2029-12-27,Young Calf Feed,,,,,,,
2029-12-28,Young Calf Feed,,,,,,,
2029-12-29,Young Calf Feed,,,,,,,
2029-12-30,Young Calf Feed,,,,,,,
2029-12-31,Young Calf Feed,,,,,,,
2030-01-01,Young Calf Feed,,,,,,,
2030-01-02,Young Calf Feed,,,,,,,
2030-01-03,Young Calf Feed,,,,,,,
2030-01-04,Young Calf Feed,,,,,,,
2030-01-05,Young Calf Feed,,,,,,,
2030-01-06,Young Calf Feed,,,,,,,
2030-01-07,Young Calf Feed,,,,,,,
2030-01-08,Young Calf Feed,,,,,,,
2030-01-09,Young Calf Feed,,,,,,,
2030-01-10,Young Calf Feed,,,,,,,
2030-01-11,Young Calf Feed,,,,,,,
2030-01-12,Young Calf Feed,,,,,,,
2030-01-13,Young Calf Feed,,,,,,,
2030-01-14,Young Calf Feed,,,,,,,
2030-01-15,Young Calf Feed,,,,,,,
2030-01-16,Young Calf Feed,,,,,,,
2030-01-17,Young Calf Feed,,,,,,,
2030-01-18,Young Calf Feed,,,,,,,
2030-01-19,Young Calf Feed,,,,,,,
2030-01-20,Young Calf Feed,,,,,,,
2030-01-21,Young Calf Feed,,,,,,,
2030-01-22,Young Calf Feed,,,,,,,
2030-01-23,Young Calf Feed,,,,,,,
2030-01-24,Young Calf Feed,,,,,,,
2030-01-25,Young Calf Feed,,,,,,,
2030-01-26,Young Calf Feed,,,,,,,
2030-01-27,Young Calf Feed,,,,,,,
2030-01-28,Young Calf Feed,,,,,,,
2030-01-29,Young Calf Feed,,,,,,,
2030-01-30,Young Calf Feed,,,,,,,
2030-01-31,Young Calf Feed,,,,,,,
2030-02-01,Young Calf Feed,,,,,,,
2030-02-02,Young Calf Feed,,,,,,,
2030-02-03,Young Calf Feed,,,,,,,
2030-02-04,Young Calf Feed,,,,,,,
2030-02-05,Young Calf Feed,,,,,,,
2030-02-06,Young Calf Feed,,,,,,,
2030-02-07,Young Calf Feed,,,,,,,
2030-02-08,Young Calf Feed,,,,,,,
2030-02-09,Young Calf Feed,,,,,,,
2030-02-10,Young Calf Feed,,,,,,,
2030-02-11,Young Calf Feed,,,,,,,
2030-02-12,Young Calf Feed,,,,,,,
2030-02-13,Young Calf Feed,,,,,,,
2030-02-14,Young Calf Feed,,,,,,,
2030-02-15,Young Calf Feed,,,,,,,
2030-02-16,Young Calf Feed,,,,,,,
2030-02-17,Young Calf Feed,,,,,,,
2030-02-18,Young Calf Feed,,,,,,,
2030-02-19,Young Calf Feed,,,,,,,
2030-02-20,Young Calf Feed,,,,,,,
2030-02-21,Young Calf Feed,,,,,,,
2030-02-22,Young Calf Feed,,,,,,,
2030-02-23,Young Calf Feed,,,,,,,
2030-02-24,Young Calf Feed,,,,,,,
2030-02-25,Young Calf Feed,,,,,,,
2030-02-26,Young Calf Feed,,,,,,,
2030-02-27,Young Calf Feed,,,,,,,
2030-02-28,Young Calf Feed,,,,,,,
2030-03-01,Young Calf Feed,,,,,,,
2030-03-02,Young Calf Feed,,,,,,,
2030-03-03,Young Calf Feed,,,,,,,
2030-03-04,Young Calf Feed,,,,,,,
2030-03-05,Young Calf Feed,,,,,,,
2030-03-06,Young Calf Feed,,,,,,,
2030-03-07,Young Calf Feed,,,,,,,
2030-03-08,Young Calf Feed,,,,,,,
2030-03-09,Young Calf Feed,,,,,,,
2030-03-10,Young Calf Feed,,,,,,,
2030-03-11,Young Calf Feed,,,,,,,
2030-03-12,Young Calf Feed,,,,,,,
2030-03-13,Corn,,,,,,,